Lap,LapTimeNative,LapTimeNativeSeconds,LapTimeSession,LapTimeSessionSeconds,BestLapTime,Samples,StartRecord,EndRecord,Complete,S1,S2,S3,S4,S5
0,--:--.---,,--:--.---,,00:00.000,7775,0,7774,NO,,,,,
1,--:--.---,,01:34.187,94.187483,00:00.000,5651,7775,13425,YES,19.536643,19.244574,21.508500,13.612577,20.285190
2,01:34.184,94.184196,01:37.467,97.467226,01:34.184,5848,13426,19273,YES,19.168400,19.189603,20.466013,17.711190,20.932020
3,01:37.468,97.467903,01:35.527,95.526947,01:34.184,5732,19274,25005,YES,22.413239,19.141926,20.475490,13.454876,20.041416
4,01:35.529,95.528503,01:31.825,91.824910,01:34.184,5509,25006,30514,YES,19.224427,18.856819,20.530829,13.372183,19.840652
5,01:31.827,91.827202,01:31.459,91.458990,01:31.827,5488,30515,36002,YES,18.859298,18.978555,20.360124,13.320298,19.940716
6,01:31.458,91.458298,01:34.807,94.806711,01:31.458,5688,36003,41690,YES,20.201526,19.631533,20.350725,14.641392,19.981535
7,01:34.804,94.804001,01:31.168,91.167682,01:31.458,5470,41691,47160,YES,18.940216,18.892733,20.348519,13.174635,19.811579
8,01:31.169,91.168503,01:30.921,90.921082,01:31.169,5456,47161,52616,YES,18.732446,18.804768,20.537093,13.069716,19.777060
9,01:30.924,90.923698,01:30.559,90.559384,01:30.924,5433,52617,58049,YES,18.940854,18.671282,20.142854,13.063728,19.740666
10,01:30.559,90.558502,01:32.736,92.736107,01:30.559,5564,58050,63613,YES,19.339231,18.895958,20.936611,13.679178,19.885129
11,01:32.732,92.732201,01:31.164,91.164033,01:30.559,5470,63614,69083,YES,18.897352,18.826289,20.155098,13.163699,20.121595
12,01:31.168,91.167999,01:31.027,91.026688,01:30.559,5462,69084,74545,YES,19.004418,18.765218,20.129695,13.141040,19.986317
13,01:31.029,91.028999,--:--.---,,01:30.559,784,74546,75329,NO,,,,,
0,01:31.029,91.028999,--:--.---,,01:30.559,1,75330,75330,NO,,,,,
13,--:--.---,,--:--.---,,01:30.559,132,75331,75462,NO,,,,,
