Lap,LapTime,LapTimeSeconds,BestLapTime,BestLapTimeSeconds,LapCompletedStart,Samples,StartRecord,EndRecord,StartPct,EndPct,Complete
0,--:--.---,,00:00.000,0.000000,0,7775,0,7774,0.000000,0.999917,NO
1,--:--.---,,00:00.000,0.000000,0,5651,7775,13425,0.000162,0.999856,NO
2,01:34.184,94.184196,01:34.184,94.184196,1,5848,13426,19273,0.000101,0.999847,YES
3,01:37.468,97.467903,01:34.184,94.184196,2,5732,19274,25005,0.000093,0.999941,YES
4,01:35.529,95.528503,01:34.184,94.184196,3,5509,25006,30514,0.000189,0.999817,YES
5,01:31.827,91.827202,01:31.827,91.827202,4,5488,30515,36002,0.000066,0.999932,YES
6,01:31.458,91.458298,01:31.458,91.458298,5,5688,36003,41690,0.000181,0.999833,YES
7,01:34.804,94.804001,01:31.458,91.458298,6,5470,41691,47160,0.000080,0.999818,YES
8,01:31.169,91.168503,01:31.169,91.168503,7,5456,47161,52616,0.000065,1.000000,YES
9,01:30.924,90.923698,01:30.924,90.923698,8,5433,52617,58049,0.000248,0.999860,YES
10,01:30.559,90.558502,01:30.559,90.558502,9,5564,58050,63613,0.000108,0.999820,YES
11,01:32.732,92.732201,01:30.559,90.558502,10,5470,63614,69083,0.000066,0.999858,YES
12,01:31.168,91.167999,01:30.559,90.558502,11,5462,69084,74545,0.000106,0.999961,YES
13,01:31.029,91.028999,01:30.559,90.558502,12,784,74546,75329,0.000184,0.091414,NO
0,01:31.029,91.028999,01:30.559,90.558502,0,1,75330,75330,0.000000,0.000000,NO
13,--:--.---,,01:30.559,90.558502,12,132,75331,75462,0.006252,0.006251,NO
